T1,P1,P2,T2,flow,power,torque,oil_flow
239.56,99991.83128,300052.6048,336.500915,0.5,144571,218,8
239.56,89991.83388,310052.616,341.2646578,0.4,117334,283,5
243.5600006,99991.83128,300052.6048,339.5359133,0.5,149019,294,7
243.5600006,89991.83388,310052.616,344.1416178,0.2,120198,253,7
239.56,99991.83128,300052.6048,336.5588133,0.8,105021,216,5
239.56,89991.83388,310052.616,341.3245233,0.5,168519,205,8
243.5600006,99991.83128,300052.6048,339.5943972,0.4,147655,289,6
243.5600006,89991.83388,310052.616,344.2020511,0.5,140546,266,5
239.56,99991.83128,300052.6048,334.4594161,0.2,140549,233,6
239.56,89991.83388,310052.616,339.1279611,0.8,138290,212,4
243.5600006,99991.83128,300052.6048,337.2532156,0.5,124808,239,7
243.5600006,89991.83388,310052.616,341.7801,0.4,124475,241,4
239.56,99991.83128,300052.6048,335.2910711,0.5,122661,231,8
239.56,89991.83388,310052.616,340.0124456,0.2,146723,207,5
243.5600006,99991.83128,300052.6048,338.155095,0.8,168874,284,8
243.5600006,89991.83388,310052.616,342.7342233,0.5,152336,211,4
239.56,99991.83128,300052.6048,334.4594161,0.4,122439,227,8
239.56,89991.83388,310052.616,339.1279611,0.5,126902,252,7
243.5600006,99991.83128,300052.6048,337.46427,0.2,114125,288,8
243.5600006,89991.83388,310052.616,341.9773961,0.8,113593,295,8
239.56,99991.83128,300052.6048,335.2910711,0.5,164849,258,8
239.56,89991.83388,310052.616,340.0124456,0.4,110890,279,7
243.5600006,99991.83128,300052.6048,338.3080133,0.5,107304,225,5
243.5600006,89991.83388,310052.616,342.8747483,0.2,110690,261,4
239.56,99991.83128,300052.6048,342.1915106,0.8,173378,213,7
239.56,89991.83388,310052.616,347.2149161,0.5,178557,217,8
243.5600006,99991.83128,300052.6048,345.2532883,0.4,107297,225,4
243.5600006,89991.83388,310052.616,350.1169683,0.5,171033,201,8
239.56,99991.83128,300052.6048,342.250045,0.2,100586,291,5
239.56,89991.83388,310052.616,347.2754083,0.8,173599,219,4
243.5600006,99991.83128,300052.6048,345.3123994,0.5,155764,258,6
243.5600006,89991.83388,310052.616,350.1780033,0.4,100806,222,5
239.56,99991.83128,300052.6048,339.9861072,0.5,140567,240,4
239.56,89991.83388,310052.616,344.9127717,0.2,123115,290,6
243.5600006,99991.83128,300052.6048,342.7899433,0.8,124381,294,7
243.5600006,89991.83388,310052.616,347.5640283,0.5,156928,289,4
239.56,99991.83128,300052.6048,340.8439478,0.4,110241,214,4
239.56,89991.83388,310052.616,345.8233061,0.5,129601,276,5
243.5600006,99991.83128,300052.6048,343.7209161,0.2,122609,276,7
243.5600006,89991.83388,310052.616,348.5497378,0.8,177966,237,7
239.56,99991.83128,300052.6048,339.9861072,0.492307692,147292,247,6
239.56,89991.83388,310052.616,344.9127717,0.492908068,123786,222,7
243.5600006,99991.83128,300052.6048,343.0228094,0.493508443,179283,202,5
243.5600006,89991.83388,310052.616,347.7928767,0.494108818,136232,252,5
239.56,99991.83128,300052.6048,340.8439478,0.494709193,157176,258,6
239.56,89991.83388,310052.616,345.8233061,0.495309568,167770,202,4
243.5600006,99991.83128,300052.6048,343.8912633,0.495909944,118059,251,6
243.5600006,89991.83388,310052.616,348.7145839,0.496510319,138880,300,4
239.56,99991.83128,300052.6048,336.500915,0.497110694,102516,204,4
239.56,89991.83388,310052.616,341.2646578,0.497711069,126443,239,6
243.5600006,99991.83128,300052.6048,339.5359133,0.498311445,102371,255,5
243.5600006,89991.83388,310052.616,344.1416178,0.49891182,173418,230,6
239.56,99991.83128,300052.6048,336.5588133,0.499512195,133065,274,5
239.56,89991.83388,310052.616,341.3245233,0.50011257,146582,219,7
243.5600006,99991.83128,300052.6048,339.5943972,0.500712946,139327,251,6
243.5600006,89991.83388,310052.616,344.2020511,0.501313321,137560,260,4
239.56,99991.83128,300052.6048,334.4594161,0.501913696,162452,252,7
239.56,89991.83388,310052.616,339.1279611,0.502514071,157319,288,6
243.5600006,99991.83128,300052.6048,337.2532156,0.503114447,132755,215,6
243.5600006,89991.83388,310052.616,341.7801,0.503714822,107019,281,4
239.56,99991.83128,300052.6048,335.2910711,0.504315197,124365,218,5
239.56,89991.83388,310052.616,340.0124456,0.504915572,110091,239,6
243.5600006,99991.83128,300052.6048,338.155095,0.505515947,130346,231,8
243.5600006,89991.83388,310052.616,342.7342233,0.506116323,124962,299,5
239.56,99991.83128,300052.6048,334.4594161,0.506716698,178426,231,5
239.56,89991.83388,310052.616,339.1279611,0.507317073,130713,276,8
243.5600006,99991.83128,300052.6048,337.46427,0.507917448,140265,265,4
243.5600006,89991.83388,310052.616,341.9773961,0.508517824,161306,262,4
239.56,99991.83128,300052.6048,335.2910711,0.509118199,160079,251,7
239.56,89991.83388,310052.616,340.0124456,0.509718574,128453,265,6
243.5600006,99991.83128,300052.6048,338.3080133,0.510318949,166359,203,6
243.5600006,89991.83388,310052.616,342.8747483,0.510919325,102738,269,6
239.56,99991.83128,300052.6048,342.1915106,0.5115197,106959,288,8
239.56,89991.83388,310052.616,347.2149161,0.512120075,168910,249,5
243.5600006,99991.83128,300052.6048,345.2532883,0.51272045,153661,289,8
243.5600006,89991.83388,310052.616,350.1169683,0.513320826,149108,202,4
239.56,99991.83128,300052.6048,342.250045,0.513921201,177879,201,5
239.56,89991.83388,310052.616,347.2754083,0.514521576,131830,239,4
243.5600006,99991.83128,300052.6048,345.3123994,0.515121951,112147,240,7
243.5600006,89991.83388,310052.616,350.1780033,0.515722326,171101,288,4
239.56,99991.83128,300052.6048,339.9861072,0.516322702,176137,263,4
239.56,89991.83388,310052.616,344.9127717,0.516923077,132906,263,5
243.5600006,99991.83128,300052.6048,342.7899433,0.517523452,135481,221,4
243.5600006,89991.83388,310052.616,347.5640283,0.518123827,153527,213,8
239.56,99991.83128,300052.6048,340.8439478,0.518724203,137445,282,8
239.56,89991.83388,310052.616,345.8233061,0.519324578,159326,201,6
243.5600006,99991.83128,300052.6048,343.7209161,0.519924953,149100,268,4
243.5600006,89991.83388,310052.616,348.5497378,0.520525328,172885,229,7
239.56,99991.83128,300052.6048,339.9861072,0.521125704,145977,212,8
239.56,89991.83388,310052.616,344.9127717,0.521726079,173368,223,6
243.5600006,99991.83128,300052.6048,343.0228094,0.522326454,145750,294,7
243.5600006,89991.83388,310052.616,347.7928767,0.522926829,130298,226,6
239.56,99991.83128,300052.6048,340.8439478,0.523527205,106261,300,6
239.56,89991.83388,310052.616,345.8233061,0.52412758,158109,287,6
243.5600006,99991.83128,300052.6048,343.8912633,0.524727955,151560,244,4
243.5600006,89991.83388,310052.616,348.7145839,0.52532833,140739,250,5
239.56,99991.83128,300052.6048,323.15,0.525928705,155461,218,8
239.56,89991.83388,310052.616,323.15,0.526529081,139014,246,7
243.5600006,99991.83128,300052.6048,323.15,0.527129456,118767,220,4
243.5600006,89991.83388,310052.616,323.15,0.527729831,121978,238,4
239.56,99991.83128,300052.6048,323.15,0.528330206,108464,207,7
239.56,89991.83388,310052.616,323.15,0.528930582,155006,261,7
243.5600006,99991.83128,300052.6048,323.15,0.529530957,108717,285,6
243.5600006,89991.83388,310052.616,323.15,0.530131332,133747,221,8
239.56,99991.83128,300052.6048,323.15,0.530731707,171395,264,6
239.56,89991.83388,310052.616,323.15,0.531332083,133357,208,6
243.5600006,99991.83128,300052.6048,323.15,0.531932458,103551,200,5
243.5600006,89991.83388,310052.616,323.15,0.532532833,104190,242,8
239.56,99991.83128,300052.6048,323.15,0.533133208,170476,279,7
239.56,89991.83388,310052.616,323.15,0.533733583,115525,272,7
243.5600006,99991.83128,300052.6048,323.15,0.534333959,137217,267,4
243.5600006,89991.83388,310052.616,323.15,0.534934334,103986,251,5
239.56,99991.83128,300052.6048,323.15,0.535534709,139029,300,5
239.56,89991.83388,310052.616,323.15,0.536135084,121122,225,5
243.5600006,99991.83128,300052.6048,323.15,0.53673546,108685,236,5
243.5600006,89991.83388,310052.616,323.15,0.537335835,124220,257,6
239.56,99991.83128,300052.6048,323.15,0.53793621,109942,250,8
239.56,89991.83388,310052.616,323.15,0.538536585,157430,223,6
243.5600006,99991.83128,300052.6048,323.15,0.539136961,152654,272,6
243.5600006,89991.83388,310052.616,323.15,0.539737336,170293,220,5
239.56,99991.83128,300052.6048,333.15,0.540337711,118275,263,6
239.56,89991.83388,310052.616,333.15,0.540938086,164843,295,8
243.5600006,99991.83128,300052.6048,333.15,0.541538462,125884,244,5
243.5600006,89991.83388,310052.616,333.15,0.542138837,137241,294,7
239.56,99991.83128,300052.6048,333.15,0.542739212,110092,284,5
239.56,89991.83388,310052.616,333.15,0.543339587,126990,299,4
243.5600006,99991.83128,300052.6048,333.15,0.543939962,176901,228,5
243.5600006,89991.83388,310052.616,333.15,0.544540338,145098,230,4
239.56,99991.83128,300052.6048,333.15,0.545140713,131308,218,8
239.56,89991.83388,310052.616,333.15,0.545741088,156062,206,5
243.5600006,99991.83128,300052.6048,333.15,0.546341463,164000,244,5
243.5600006,89991.83388,310052.616,333.15,0.546941839,154369,200,6
239.56,99991.83128,300052.6048,333.15,0.547542214,168424,204,6
239.56,89991.83388,310052.616,333.15,0.548142589,110368,253,5
243.5600006,99991.83128,300052.6048,333.15,0.548742964,109713,224,6
243.5600006,89991.83388,310052.616,333.15,0.54934334,131497,273,5
239.56,99991.83128,300052.6048,333.15,0.549943715,140206,276,8
239.56,89991.83388,310052.616,333.15,0.55054409,128940,254,5
243.5600006,99991.83128,300052.6048,333.15,0.551144465,160898,271,8
243.5600006,89991.83388,310052.616,333.15,0.551744841,144530,276,4
239.56,99991.83128,300052.6048,333.15,0.552345216,167420,216,7
239.56,89991.83388,310052.616,333.15,0.552945591,119770,283,6
243.5600006,99991.83128,300052.6048,333.15,0.553545966,100922,270,8
243.5600006,89991.83388,310052.616,333.15,0.554146341,127096,258,5
239.56,99991.83128,300052.6048,323.15,0.554746717,122444,245,8
239.56,89991.83388,310052.616,323.15,0.555347092,102293,299,8
243.5600006,99991.83128,300052.6048,323.15,0.555947467,115448,227,7
243.5600006,89991.83388,310052.616,323.15,0.556547842,160432,241,6
239.56,99991.83128,300052.6048,323.15,0.557148218,160595,227,4
239.56,89991.83388,310052.616,323.15,0.557748593,130363,266,6
243.5600006,99991.83128,300052.6048,323.15,0.558348968,132587,214,6
243.5600006,89991.83388,310052.616,323.15,0.558949343,161678,266,5
239.56,99991.83128,300052.6048,323.15,0.559549719,131843,280,7
239.56,89991.83388,310052.616,323.15,0.560150094,149893,230,7
243.5600006,99991.83128,300052.6048,323.15,0.560750469,115825,268,7
243.5600006,89991.83388,310052.616,323.15,0.561350844,135444,250,4
239.56,99991.83128,300052.6048,323.15,0.56195122,145046,215,7
239.56,89991.83388,310052.616,323.15,0.562551595,135075,257,4
243.5600006,99991.83128,300052.6048,323.15,0.56315197,150498,285,4
243.5600006,89991.83388,310052.616,323.15,0.563752345,135092,294,5
239.56,99991.83128,300052.6048,323.15,0.56435272,107764,281,6
239.56,89991.83388,310052.616,323.15,0.564953096,107481,283,4
243.5600006,99991.83128,300052.6048,323.15,0.565553471,121103,234,6
243.5600006,89991.83388,310052.616,323.15,0.566153846,145902,233,7
239.56,99991.83128,300052.6048,323.15,0.566754221,121711,256,4
239.56,89991.83388,310052.616,323.15,0.567354597,167070,233,4
243.5600006,99991.83128,300052.6048,323.15,0.567954972,131469,287,5
243.5600006,89991.83388,310052.616,323.15,0.568555347,156029,222,5
239.56,99991.83128,300052.6048,333.15,0.569155722,122969,250,4
239.56,89991.83388,310052.616,333.15,0.569756098,109039,289,5
243.5600006,99991.83128,300052.6048,333.15,0.570356473,175922,263,6
243.5600006,89991.83388,310052.616,333.15,0.570956848,160050,206,8
239.56,99991.83128,300052.6048,333.15,0.571557223,127410,216,6
239.56,89991.83388,310052.616,333.15,0.572157598,124324,232,7
243.5600006,99991.83128,300052.6048,333.15,0.572757974,124861,210,7
243.5600006,89991.83388,310052.616,333.15,0.573358349,154892,288,4
239.56,99991.83128,300052.6048,333.15,0.573958724,111511,203,5
239.56,89991.83388,310052.616,333.15,0.574559099,106404,284,8
243.5600006,99991.83128,300052.6048,333.15,0.575159475,179369,232,8
243.5600006,89991.83388,310052.616,333.15,0.57575985,107754,284,6
239.56,99991.83128,300052.6048,333.15,0.576360225,166645,268,8
239.56,89991.83388,310052.616,333.15,0.5769606,165031,238,6
243.5600006,99991.83128,300052.6048,333.15,0.577560976,129420,243,7
243.5600006,89991.83388,310052.616,333.15,0.578161351,173504,211,8
239.56,99991.83128,300052.6048,333.15,0.578761726,166505,276,4
239.56,89991.83388,310052.616,333.15,0.579362101,157429,259,7
243.5600006,99991.83128,300052.6048,333.15,0.579962477,144413,226,4
243.5600006,89991.83388,310052.616,333.15,0.580562852,179332,262,6
239.56,99991.83128,300052.6048,333.15,0.581163227,141879,291,4
239.56,89991.83388,310052.616,333.15,0.581763602,175424,210,6
243.5600006,99991.83128,300052.6048,333.15,0.582363977,112963,285,4
243.5600006,89991.83388,310052.616,333.15,0.582964353,129982,243,4
230.7399994,100008.0202,299960.2357,290.3343189,0.583564728,173290,201,7
230.7399994,90008.02277,309960.2193,296.05081,0.584165103,167831,230,6
234.74,100008.0202,299960.2357,294.6695594,0.584765478,144488,263,6
234.74,90008.02277,309960.2193,300.4063,0.585365854,133029,283,5
230.7399994,100008.0202,299960.2357,290.3886022,0.585966229,159621,275,5
230.7399994,90008.02277,309960.2193,296.1097006,0.586566604,142803,215,4
234.74,100008.0202,299960.2357,294.7244656,0.587166979,138914,257,5
234.74,90008.02277,309960.2193,300.4658517,0.587767355,114121,213,6
230.7399994,100008.0202,299960.2357,287.7172778,0.58836773,143437,298,8
230.7399994,90008.02277,309960.2193,292.8321467,0.588968105,173317,250,5
234.74,100008.0202,299960.2357,291.6652522,0.58956848,167908,272,5
234.74,90008.02277,309960.2193,296.75466,0.590168856,155809,263,4
230.7399994,100008.0202,299960.2357,287.9598606,0.590769231,178700,242,8
230.7399994,90008.02277,309960.2193,293.1351906,0.591369606,166440,251,4
234.74,100008.0202,299960.2357,291.8075444,0.591969981,135540,296,4
234.74,90008.02277,309960.2193,296.9713772,0.592570356,113771,227,6
230.7399994,100008.0202,299960.2357,287.7172778,0.593170732,132954,251,5
230.7399994,90008.02277,309960.2193,292.8321467,0.593771107,169882,282,7
234.74,100008.0202,299960.2357,291.7616661,0.594371482,131275,229,8
234.74,90008.02277,309960.2193,296.8802228,0.594971857,122500,236,6
230.7399994,100008.0202,299960.2357,287.9598606,0.595572233,159126,286,6
230.7399994,90008.02277,309960.2193,293.1351906,0.596172608,146792,221,6
234.74,100008.0202,299960.2357,292.0110756,0.596772983,128072,206,4
234.74,90008.02277,309960.2193,297.1945839,0.597373358,111093,243,8
230.7399994,100008.0202,299960.2357,290.3719383,0.597973734,166433,207,6
230.7399994,90008.02277,309960.2193,296.0820867,0.598574109,105122,292,8
234.74,100008.0202,299960.2357,294.7015094,0.599174484,129231,290,8
234.74,90008.02277,309960.2193,300.4304089,0.599774859,141105,280,5
230.7399994,100008.0202,299960.2357,290.4261089,0.600375235,149560,292,6
230.7399994,90008.02277,309960.2193,296.1408328,0.60097561,111668,215,6
234.74,100008.0202,299960.2357,294.7563011,0.601575985,148687,289,6
234.74,90008.02277,309960.2193,300.4898167,0.60217636,139807,292,7
230.7399994,100008.0202,299960.2357,287.7512878,0.602776735,154995,295,6
230.7399994,90008.02277,309960.2193,292.8621389,0.603377111,160042,257,8
234.74,100008.0202,299960.2357,291.6946461,0.603977486,179624,300,8
234.74,90008.02277,309960.2193,296.7791294,0.604577861,141523,254,6
230.7399994,100008.0202,299960.2357,287.9934489,0.605178236,120946,207,5
230.7399994,90008.02277,309960.2193,293.1645722,0.605778612,118588,246,4
234.74,100008.0202,299960.2357,291.8366844,0.606378987,169447,257,6
234.74,90008.02277,309960.2193,296.9954011,0.606979362,117507,202,8
230.7399994,100008.0202,299960.2357,287.7512878,0.607579737,123081,231,4
230.7399994,90008.02277,309960.2193,292.8621389,0.608180113,178234,258,5
234.74,100008.0202,299960.2357,291.7914889,0.608780488,146572,286,5
234.74,90008.02277,309960.2193,296.904955,0.609380863,103549,222,4
230.7399994,100008.0202,299960.2357,287.9934489,0.609981238,177273,283,6
230.7399994,90008.02277,309960.2193,293.1645722,0.610581614,105476,202,6
234.74,100008.0202,299960.2357,292.0404489,0.611181989,149376,239,8
234.74,90008.02277,309960.2193,297.2186589,0.611782364,104329,232,5
230.7399994,100008.0202,299960.2357,290.3343189,0.612382739,171569,280,6
230.7399994,90008.02277,309960.2193,296.05081,0.612983114,151184,300,7
234.74,100008.0202,299960.2357,294.6695594,0.61358349,119864,225,8
234.74,90008.02277,309960.2193,300.4063,0.614183865,128132,208,5
230.7399994,100008.0202,299960.2357,290.3886022,0.61478424,103326,244,5
230.7399994,90008.02277,309960.2193,296.1097006,0.615384615,112439,207,4
234.74,100008.0202,299960.2357,294.7244656,0.615984991,144833,278,7
234.74,90008.02277,309960.2193,300.4658517,0.616585366,177819,261,6
230.7399994,100008.0202,299960.2357,287.7172778,0.617185741,122199,243,4
230.7399994,90008.02277,309960.2193,292.8321467,0.617786116,116084,255,5
234.74,100008.0202,299960.2357,291.6652522,0.618386492,170823,241,8
234.74,90008.02277,309960.2193,296.75466,0.618986867,131284,274,8
230.7399994,100008.0202,299960.2357,287.9598606,0.619587242,169075,248,8
230.7399994,90008.02277,309960.2193,293.1351906,0.620187617,122773,216,8
234.74,100008.0202,299960.2357,291.8075444,0.620787992,135618,252,6
234.74,90008.02277,309960.2193,296.9713772,0.621388368,140718,248,4
230.7399994,100008.0202,299960.2357,287.7172778,0.621988743,130670,229,8
230.7399994,90008.02277,309960.2193,292.8321467,0.622589118,170183,286,6
234.74,100008.0202,299960.2357,291.7616661,0.623189493,158807,277,6
234.74,90008.02277,309960.2193,296.8802228,0.623789869,158512,215,5
230.7399994,100008.0202,299960.2357,287.9598606,0.624390244,174088,276,4
230.7399994,90008.02277,309960.2193,293.1351906,0.624990619,166611,299,4
234.74,100008.0202,299960.2357,292.0110756,0.625590994,141109,200,8
234.74,90008.02277,309960.2193,297.1945839,0.62619137,134982,268,5
230.7399994,100008.0202,299960.2357,290.3719383,0.626791745,151427,291,4
230.7399994,90008.02277,309960.2193,296.0820867,0.62739212,152229,201,4
234.74,100008.0202,299960.2357,294.7015094,0.627992495,136377,213,4
234.74,90008.02277,309960.2193,300.4304089,0.628592871,144682,239,4
230.7399994,100008.0202,299960.2357,290.4261089,0.629193246,145647,246,7
230.7399994,90008.02277,309960.2193,296.1408328,0.629793621,167469,222,6
234.74,100008.0202,299960.2357,294.7563011,0.630393996,143432,200,4
234.74,90008.02277,309960.2193,300.4898167,0.630994371,171080,289,6
230.7399994,100008.0202,299960.2357,287.7512878,0.631594747,133547,259,8
230.7399994,90008.02277,309960.2193,292.8621389,0.632195122,137290,206,5
234.74,100008.0202,299960.2357,291.6946461,0.632795497,134881,280,8
234.74,90008.02277,309960.2193,296.7791294,0.633395872,155220,299,5
230.7399994,100008.0202,299960.2357,287.9934489,0.633996248,102079,262,6
230.7399994,90008.02277,309960.2193,293.1645722,0.634596623,176103,252,5
234.74,100008.0202,299960.2357,291.8366844,0.635196998,115633,238,5
234.74,90008.02277,309960.2193,296.9954011,0.635797373,146256,234,7
230.7399994,100008.0202,299960.2357,287.7512878,0.636397749,100688,277,5
230.7399994,90008.02277,309960.2193,292.8621389,0.636998124,155483,215,8
234.74,100008.0202,299960.2357,291.7914889,0.637598499,162659,276,4
234.74,90008.02277,309960.2193,296.904955,0.638198874,145419,265,6
230.7399994,100008.0202,299960.2357,287.9934489,0.63879925,109983,205,8
230.7399994,90008.02277,309960.2193,293.1645722,0.639399625,135357,216,7
234.74,100008.0202,299960.2357,292.0404489,0.64,167513,287,8
234.74,90008.02277,309960.2193,297.2186589,0.640600375,126484,296,4
230.7399994,100008.0202,299960.2357,290.5314328,0.64120075,157986,297,8
230.7399994,90008.02277,309960.2193,296.0688028,0.641801126,115728,273,8
234.74,100008.0202,299960.2357,294.912615,0.642401501,125991,254,5
234.74,90008.02277,309960.2193,300.4796356,0.643001876,103871,237,8
230.7399994,100008.0202,299960.2357,290.5863833,0.643602251,145270,258,8
230.7399994,90008.02277,309960.2193,296.12852,0.644202627,101534,264,5
234.74,100008.0202,299960.2357,294.9682033,0.644803002,160043,207,4
234.74,90008.02277,309960.2193,300.5400267,0.645403377,134026,254,4
230.7399994,100008.0202,299960.2357,287.8699972,0.646003752,134566,299,8
230.7399994,90008.02277,309960.2193,293.0595789,0.646604128,132509,280,7
234.74,100008.0202,299960.2357,291.8497056,0.647204503,143687,213,5
234.74,90008.02277,309960.2193,296.7418,0.647804878,174926,265,4
230.7399994,100008.0202,299960.2357,288.1150978,0.648405253,171431,209,7
230.7399994,90008.02277,309960.2193,293.3662172,0.649005629,138802,252,5
234.74,100008.0202,299960.2357,291.99346,0.649606004,160694,238,7
234.74,90008.02277,309960.2193,296.9610606,0.650206379,178551,201,4
230.7399994,100008.0202,299960.2357,287.8699972,0.650806754,173240,289,4
230.7399994,90008.02277,309960.2193,293.0595789,0.651407129,103279,250,7
234.74,100008.0202,299960.2357,291.9488872,0.652007505,177607,200,4
234.74,90008.02277,309960.2193,296.8713178,0.65260788,169156,205,8
230.7399994,100008.0202,299960.2357,288.1150978,0.653208255,106733,239,7
230.7399994,90008.02277,309960.2193,293.3662172,0.65380863,138416,213,5
234.74,100008.0202,299960.2357,292.2009033,0.654409006,101017,213,4
234.74,90008.02277,309960.2193,297.1894211,0.655009381,137299,206,7
230.7399994,100008.0202,299960.2357,290.5314328,0.655609756,132890,204,7
230.7399994,90008.02277,309960.2193,296.0688028,0.656210131,100093,238,8
234.74,100008.0202,299960.2357,294.912615,0.656810507,112181,242,4
234.74,90008.02277,309960.2193,300.4796356,0.657410882,160416,202,5
230.7399994,100008.0202,299960.2357,290.5863833,0.658011257,100950,219,7
230.7399994,90008.02277,309960.2193,296.12852,0.658611632,142532,249,4
234.74,100008.0202,299960.2357,294.9682033,0.659212008,147266,279,6
234.74,90008.02277,309960.2193,300.5400267,0.659812383,109843,238,7
230.7399994,100008.0202,299960.2357,287.8699972,0.660412758,168395,209,4
230.7399994,90008.02277,309960.2193,293.0595789,0.661013133,120374,229,5
234.74,100008.0202,299960.2357,291.8497056,0.661613508,146939,210,5
234.74,90008.02277,309960.2193,296.7418,0.662213884,168488,290,4
230.7399994,100008.0202,299960.2357,288.1150978,0.662814259,100778,242,5
230.7399994,90008.02277,309960.2193,293.3662172,0.663414634,178823,271,5
234.74,100008.0202,299960.2357,291.99346,0.664015009,150746,240,8
234.74,90008.02277,309960.2193,296.9610606,0.664615385,102154,288,6
230.7399994,100008.0202,299960.2357,287.8699972,0.66521576,151962,241,5
230.7399994,90008.02277,309960.2193,293.0595789,0.665816135,122017,226,7
234.74,100008.0202,299960.2357,291.9488872,0.66641651,136064,215,4
234.74,90008.02277,309960.2193,296.8713178,0.667016886,168151,205,6
230.7399994,100008.0202,299960.2357,288.1150978,0.667617261,168759,255,7
230.7399994,90008.02277,309960.2193,293.3662172,0.668217636,126252,216,6
234.74,100008.0202,299960.2357,292.2009033,0.668818011,162505,232,6
234.74,90008.02277,309960.2193,297.1894211,0.669418386,106940,253,4
230.7399994,100008.0202,299960.2357,290.5314328,0.670018762,129362,229,6
230.7399994,90008.02277,309960.2193,296.0688028,0.670619137,140527,208,7
234.74,100008.0202,299960.2357,294.912615,0.671219512,139877,254,6
234.74,90008.02277,309960.2193,300.4796356,0.671819887,132164,230,5
230.7399994,100008.0202,299960.2357,290.5863833,0.672420263,168954,233,8
230.7399994,90008.02277,309960.2193,296.12852,0.673020638,142400,264,4
234.74,100008.0202,299960.2357,294.9682033,0.673621013,100888,268,4
234.74,90008.02277,309960.2193,300.5400267,0.674221388,168615,264,5
230.7399994,100008.0202,299960.2357,287.8699972,0.674821764,114930,204,4
230.7399994,90008.02277,309960.2193,293.0595789,0.675422139,120251,238,6
234.74,100008.0202,299960.2357,291.8497056,0.676022514,123937,267,5
234.74,90008.02277,309960.2193,296.7418,0.676622889,158216,244,8
230.7399994,100008.0202,299960.2357,288.1150978,0.677223265,133674,215,6
230.7399994,90008.02277,309960.2193,293.3662172,0.67782364,156137,252,8
234.74,100008.0202,299960.2357,291.99346,0.678424015,143204,200,5
234.74,90008.02277,309960.2193,296.9610606,0.67902439,151355,298,8
230.7399994,100008.0202,299960.2357,287.8699972,0.679624765,149405,214,5
230.7399994,90008.02277,309960.2193,293.0595789,0.680225141,150602,263,7
234.74,100008.0202,299960.2357,291.9488872,0.680825516,173496,287,6
234.74,90008.02277,309960.2193,296.8713178,0.681425891,145946,244,4
230.7399994,100008.0202,299960.2357,288.1150978,0.682026266,122828,271,4
230.7399994,90008.02277,309960.2193,293.3662172,0.682626642,100738,299,7
234.74,100008.0202,299960.2357,292.2009033,0.683227017,161471,268,6
234.74,90008.02277,309960.2193,297.1894211,0.683827392,174772,242,5
230.7399994,100008.0202,299960.2357,290.5314328,0.684427767,168736,234,8
230.7399994,90008.02277,309960.2193,296.0688028,0.685028143,157151,232,5
234.74,100008.0202,299960.2357,294.912615,0.685628518,145050,213,4
234.74,90008.02277,309960.2193,300.4796356,0.686228893,132964,207,6
230.7399994,100008.0202,299960.2357,290.5863833,0.686829268,106144,300,5
230.7399994,90008.02277,309960.2193,296.12852,0.687429644,126813,299,7
234.74,100008.0202,299960.2357,294.9682033,0.688030019,121356,270,8
234.74,90008.02277,309960.2193,300.5400267,0.688630394,114750,222,6
230.7399994,100008.0202,299960.2357,287.8699972,0.689230769,102918,290,6
230.7399994,90008.02277,309960.2193,293.0595789,0.689831144,168462,269,6
234.74,100008.0202,299960.2357,291.8497056,0.69043152,151739,277,6
234.74,90008.02277,309960.2193,296.7418,0.691031895,169723,228,5
230.7399994,100008.0202,299960.2357,288.1150978,0.69163227,162164,238,8
230.7399994,90008.02277,309960.2193,293.3662172,0.692232645,171362,229,5
234.74,100008.0202,299960.2357,291.99346,0.692833021,172470,212,7
234.74,90008.02277,309960.2193,296.9610606,0.693433396,178253,293,6
230.7399994,100008.0202,299960.2357,287.8699972,0.694033771,125466,300,8
230.7399994,90008.02277,309960.2193,293.0595789,0.694634146,153639,265,8
234.74,100008.0202,299960.2357,291.9488872,0.695234522,115781,298,7
234.74,90008.02277,309960.2193,296.8713178,0.695834897,125714,298,6
230.7399994,100008.0202,299960.2357,288.1150978,0.696435272,137017,247,7
230.7399994,90008.02277,309960.2193,293.3662172,0.697035647,135629,211,4
234.74,100008.0202,299960.2357,292.2009033,0.697636023,136199,241,6
234.74,90008.02277,309960.2193,297.1894211,0.698236398,102146,236,8
225.2400006,99991.84507,299966.5513,290.7868478,0.698836773,175550,293,5
225.2400006,89991.84767,309966.5556,297.084445,0.699437148,168648,270,6
229.2400011,99991.84507,299966.5513,295.2528689,0.700037523,124938,264,7
229.2400011,89991.84767,309966.5556,301.5835028,0.700637899,144634,294,5
225.2400006,99991.84507,299966.5513,290.8471033,0.701238274,173919,240,5
225.2400006,89991.84767,309966.5556,297.1498544,0.701838649,176203,253,4
229.2400011,99991.84507,299966.5513,295.3139083,0.702439024,130338,269,5
229.2400011,89991.84767,309966.5556,301.6497433,0.7030394,117035,258,6
225.2400006,99991.84507,299966.5513,287.84503,0.703639775,172153,239,7
225.2400006,89991.84767,309966.5556,293.5316011,0.70424015,165743,217,4
229.2400011,99991.84507,299966.5513,291.8906961,0.704840525,175194,205,8
229.2400011,89991.84767,309966.5556,297.5537711,0.705440901,103247,235,4
225.2400006,99991.84507,299966.5513,288.2473572,0.706041276,113217,246,5
225.2400006,89991.84767,309966.5556,294.0118967,0.706641651,138904,296,5
229.2400011,99991.84507,299966.5513,292.2141489,0.707242026,133868,292,5
229.2400011,89991.84767,309966.5556,297.9611261,0.707842402,119802,241,7
225.2400006,99991.84507,299966.5513,287.84503,0.708442777,111119,219,4
225.2400006,89991.84767,309966.5556,293.5316011,0.709043152,138841,244,8
229.2400011,99991.84507,299966.5513,292.0301194,0.709643527,178251,279,8
229.2400011,89991.84767,309966.5556,297.7297689,0.710243902,145949,206,8
225.2400006,99991.84507,299966.5513,288.2473572,0.710844278,103295,258,4
225.2400006,89991.84767,309966.5556,294.0118967,0.711444653,176173,238,7
229.2400011,99991.84507,299966.5513,292.4496044,0.712045028,156448,242,5
229.2400011,89991.84767,309966.5556,298.22793,0.712645403,136697,285,6
225.2400006,99991.84507,299966.5513,290.8289239,0.713245779,153231,250,6
225.2400006,89991.84767,309966.5556,297.1191711,0.713846154,102680,223,5
229.2400011,99991.84507,299966.5513,295.2890322,0.714446529,178702,254,7
229.2400011,89991.84767,309966.5556,301.610655,0.715046904,132226,223,8
225.2400006,99991.84507,299966.5513,290.8890583,0.71564728,124498,263,5
225.2400006,89991.84767,309966.5556,297.1844322,0.716247655,131207,209,5
229.2400011,99991.84507,299966.5513,295.3499444,0.71684803,148785,240,8
229.2400011,89991.84767,309966.5556,301.6767383,0.717448405,135304,209,6
225.2400006,99991.84507,299966.5513,287.8844506,0.71804878,120064,290,8
225.2400006,89991.84767,309966.5556,293.5663278,0.718649156,100939,200,8
229.2400011,99991.84507,299966.5513,291.9253678,0.719249531,135963,275,5
229.2400011,89991.84767,309966.5556,297.5826783,0.719849906,115219,239,4
225.2400006,99991.84507,299966.5513,288.2861083,0.720450281,136189,205,6
225.2400006,89991.84767,309966.5556,294.0456867,0.721050657,156105,200,4
229.2400011,99991.84507,299966.5513,292.2482606,0.721651032,154505,265,5
229.2400011,89991.84767,309966.5556,297.989215,0.722251407,167493,280,6
225.2400006,99991.84507,299966.5513,287.8844506,0.722851782,163642,205,7
225.2400006,89991.84767,309966.5556,293.5663278,0.723452158,151970,212,5
229.2400011,99991.84507,299966.5513,292.0651594,0.724052533,170959,200,8
229.2400011,89991.84767,309966.5556,297.7588622,0.724652908,149201,278,7
225.2400006,99991.84507,299966.5513,288.2861083,0.725253283,141922,272,6
225.2400006,89991.84767,309966.5556,294.0456867,0.725853659,100394,276,6
229.2400011,99991.84507,299966.5513,292.4839072,0.726454034,123898,266,6
229.2400011,89991.84767,309966.5556,298.2560061,0.727054409,108615,201,6
225.2400006,99991.84507,299966.5513,290.7868478,0.727654784,177119,267,6
225.2400006,89991.84767,309966.5556,297.084445,0.728255159,164928,204,7
229.2400011,99991.84507,299966.5513,295.2528689,0.728855535,107633,272,4
229.2400011,89991.84767,309966.5556,301.5835028,0.72945591,101013,274,5
225.2400006,99991.84507,299966.5513,290.8471033,0.730056285,152860,225,7
225.2400006,89991.84767,309966.5556,297.1498544,0.73065666,148979,287,6
229.2400011,99991.84507,299966.5513,295.3139083,0.731257036,131533,280,7
229.2400011,89991.84767,309966.5556,301.6497433,0.731857411,119087,285,8
225.2400006,99991.84507,299966.5513,287.84503,0.732457786,154422,216,7
225.2400006,89991.84767,309966.5556,293.5316011,0.733058161,151468,212,6
229.2400011,99991.84507,299966.5513,291.8906961,0.733658537,100799,234,4
229.2400011,89991.84767,309966.5556,297.5537711,0.734258912,150854,281,6
225.2400006,99991.84507,299966.5513,288.2473572,0.734859287,134343,200,4
225.2400006,89991.84767,309966.5556,294.0118967,0.735459662,151834,291,5
229.2400011,99991.84507,299966.5513,292.2141489,0.736060038,114264,225,6
229.2400011,89991.84767,309966.5556,297.9611261,0.736660413,127309,248,6
225.2400006,99991.84507,299966.5513,287.84503,0.737260788,170975,231,7
225.2400006,89991.84767,309966.5556,293.5316011,0.737861163,100125,219,7
229.2400011,99991.84507,299966.5513,292.0301194,0.738461538,103135,300,6
229.2400011,89991.84767,309966.5556,297.7297689,0.739061914,126789,293,6
225.2400006,99991.84507,299966.5513,288.2473572,0.739662289,160767,262,6
225.2400006,89991.84767,309966.5556,294.0118967,0.740262664,175951,271,5
229.2400011,99991.84507,299966.5513,292.4496044,0.740863039,135960,261,5
229.2400011,89991.84767,309966.5556,298.22793,0.741463415,149307,292,4
225.2400006,99991.84507,299966.5513,290.8289239,0.74206379,102438,218,5
225.2400006,89991.84767,309966.5556,297.1191711,0.742664165,147812,236,7
229.2400011,99991.84507,299966.5513,295.2890322,0.74326454,174083,214,4
229.2400011,89991.84767,309966.5556,301.610655,0.743864916,147634,290,5
225.2400006,99991.84507,299966.5513,290.8890583,0.744465291,133542,205,5
225.2400006,89991.84767,309966.5556,297.1844322,0.745065666,132806,203,7
229.2400011,99991.84507,299966.5513,295.3499444,0.745666041,100920,225,6
229.2400011,89991.84767,309966.5556,301.6767383,0.746266417,143191,200,5
225.2400006,99991.84507,299966.5513,287.8844506,0.746866792,135019,266,4
225.2400006,89991.84767,309966.5556,293.5663278,0.747467167,123224,253,8
229.2400011,99991.84507,299966.5513,291.9253678,0.748067542,156232,271,5
229.2400011,89991.84767,309966.5556,297.5826783,0.748667917,161140,252,4
225.2400006,99991.84507,299966.5513,288.2861083,0.749268293,176255,236,4
225.2400006,89991.84767,309966.5556,294.0456867,0.749868668,166456,295,6
229.2400011,99991.84507,299966.5513,292.2482606,0.750469043,111496,221,5
229.2400011,89991.84767,309966.5556,297.989215,0.751069418,141293,226,5
225.2400006,99991.84507,299966.5513,287.8844506,0.751669794,166616,262,7
225.2400006,89991.84767,309966.5556,293.5663278,0.752270169,160706,299,7
229.2400011,99991.84507,299966.5513,292.0651594,0.752870544,130560,245,8
229.2400011,89991.84767,309966.5556,297.7588622,0.753470919,167643,200,8
225.2400006,99991.84507,299966.5513,288.2861083,0.754071295,127136,238,7
225.2400006,89991.84767,309966.5556,294.0456867,0.75467167,154519,268,7
229.2400011,99991.84507,299966.5513,292.4839072,0.755272045,110702,238,7
229.2400011,89991.84767,309966.5556,298.2560061,0.75587242,129036,279,7
225.2400006,99991.84507,299966.5513,290.9560872,0.756472795,110515,288,7
225.2400006,89991.84767,309966.5556,297.3544278,0.757073171,168427,214,5
229.2400011,99991.84507,299966.5513,295.4702006,0.757673546,155472,281,7
229.2400011,89991.84767,309966.5556,301.6341283,0.758273921,147553,231,6
225.2400006,99991.84507,299966.5513,291.0170589,0.758874296,176497,218,6
225.2400006,89991.84767,309966.5556,297.4207317,0.759474672,140259,235,7
229.2400011,99991.84507,299966.5513,295.5319861,0.760075047,178999,226,6
229.2400011,89991.84767,309966.5556,301.7012967,0.760675422,157155,210,6
225.2400006,99991.84507,299966.5513,287.9710867,0.761275797,143333,204,8
225.2400006,89991.84767,309966.5556,293.7347422,0.761876173,171971,276,4
229.2400011,99991.84507,299966.5513,292.0509478,0.762476548,123716,226,7
229.2400011,89991.84767,309966.5556,297.7974244,0.763076923,114526,240,7
225.2400006,99991.84507,299966.5513,288.3775022,0.763677298,124847,207,4
225.2400006,89991.84767,309966.5556,294.2206583,0.764277674,168371,215,7
229.2400011,99991.84507,299966.5513,292.3777144,0.764878049,110188,244,7
229.2400011,89991.84767,309966.5556,298.2095811,0.765478424,160825,262,7
225.2400006,99991.84507,299966.5513,287.9710867,0.766078799,155071,263,5
225.2400006,89991.84767,309966.5556,293.7347422,0.766679174,153172,253,7
229.2400011,99991.84507,299966.5513,292.1932272,0.76727955,164807,241,8
229.2400011,89991.84767,309966.5556,297.9777667,0.767879925,171080,232,4
